[
  {"model": "equipment_accounting.manufacturer", "pk": 101, "fields": {"name": "Шрайк", "created_at": "2025-01-01T00:00:00Z"}},
  {"model": "equipment_accounting.manufacturer", "pk": 102, "fields": {"name": "Вирій", "created_at": "2025-01-01T00:00:00Z"}},
  {"model": "equipment_accounting.manufacturer", "pk": 103, "fields": {"name": "Русоріз", "created_at": "2025-01-01T00:00:00Z"}},
  {"model": "equipment_accounting.manufacturer", "pk": 104, "fields": {"name": "Шершень", "created_at": "2025-01-01T00:00:00Z"}},
  {"model": "equipment_accounting.manufacturer", "pk": 105, "fields": {"name": "Мамонт", "created_at": "2025-01-01T00:00:00Z"}},
  {"model": "equipment_accounting.manufacturer", "pk": 106, "fields": {"name": "Колібрі", "created_at": "2025-01-01T00:00:00Z"}},
  {"model": "equipment_accounting.manufacturer", "pk": 107, "fields": {"name": "Генерал черешня", "created_at": "2025-01-01T00:00:00Z"}},
  {"model": "equipment_accounting.manufacturer", "pk": 108, "fields": {"name": "Спалах", "created_at": "2025-01-01T00:00:00Z"}},
  {"model": "equipment_accounting.manufacturer", "pk": 109, "fields": {"name": "F10", "created_at": "2025-01-01T00:00:00Z"}},
  {"model": "equipment_accounting.manufacturer", "pk": 110, "fields": {"name": "Тінь", "created_at": "2025-01-01T00:00:00Z"}},
  {"model": "equipment_accounting.manufacturer", "pk": 111, "fields": {"name": "Гріф", "created_at": "2025-01-01T00:00:00Z"}},
  {"model": "equipment_accounting.manufacturer", "pk": 112, "fields": {"name": "Shuriken", "created_at": "2025-01-01T00:00:00Z"}},
  {"model": "equipment_accounting.manufacturer", "pk": 113, "fields": {"name": "Bakh", "created_at": "2025-01-01T00:00:00Z"}},
  {"model": "equipment_accounting.manufacturer", "pk": 114, "fields": {"name": "Spook", "created_at": "2025-01-01T00:00:00Z"}},
  {"model": "equipment_accounting.manufacturer", "pk": 115, "fields": {"name": "Stalker", "created_at": "2025-01-01T00:00:00Z"}},
  {"model": "equipment_accounting.manufacturer", "pk": 116, "fields": {"name": "Краб", "created_at": "2025-01-01T00:00:00Z"}},
  {"model": "equipment_accounting.manufacturer", "pk": 117, "fields": {"name": "Бомбус", "created_at": "2025-01-01T00:00:00Z"}},
  {"model": "equipment_accounting.manufacturer", "pk": 118, "fields": {"name": "Світловод", "created_at": "2025-01-01T00:00:00Z"}},
  {"model": "equipment_accounting.manufacturer", "pk": 119, "fields": {"name": "Ентерпрайз", "created_at": "2025-01-01T00:00:00Z"}},
  {"model": "equipment_accounting.manufacturer", "pk": 120, "fields": {"name": "Чайка/Seagull", "created_at": "2025-01-01T00:00:00Z"}},
  {"model": "equipment_accounting.manufacturer", "pk": 121, "fields": {"name": "Горинь", "created_at": "2025-01-01T00:00:00Z"}},
  {"model": "equipment_accounting.manufacturer", "pk": 122, "fields": {"name": "Kamik", "created_at": "2025-01-01T00:00:00Z"}},
  {"model": "equipment_accounting.manufacturer", "pk": 123, "fields": {"name": "Viper", "created_at": "2025-01-01T00:00:00Z"}},
  {"model": "equipment_accounting.manufacturer", "pk": 124, "fields": {"name": "Baton", "created_at": "2025-01-01T00:00:00Z"}},
  {"model": "equipment_accounting.manufacturer", "pk": 125, "fields": {"name": "Горобець", "created_at": "2025-01-01T00:00:00Z"}},
  {"model": "equipment_accounting.manufacturer", "pk": 126, "fields": {"name": "Бешкет", "created_at": "2025-01-01T00:00:00Z"}},
  {"model": "equipment_accounting.manufacturer", "pk": 127, "fields": {"name": "Гарпія", "created_at": "2025-01-01T00:00:00Z"}},
  {"model": "equipment_accounting.manufacturer", "pk": 128, "fields": {"name": "Wiy", "created_at": "2025-01-01T00:00:00Z"}},
  {"model": "equipment_accounting.manufacturer", "pk": 129, "fields": {"name": "Чупакабра", "created_at": "2025-01-01T00:00:00Z"}},
  {"model": "equipment_accounting.manufacturer", "pk": 130, "fields": {"name": "Павук", "created_at": "2025-01-01T00:00:00Z"}},
  {"model": "equipment_accounting.manufacturer", "pk": 131, "fields": {"name": "Shark", "created_at": "2025-01-01T00:00:00Z"}},
  {"model": "equipment_accounting.manufacturer", "pk": 132, "fields": {"name": "Avenger", "created_at": "2025-01-01T00:00:00Z"}},
  {"model": "equipment_accounting.manufacturer", "pk": 133, "fields": {"name": "Китайська цеглина", "created_at": "2025-01-01T00:00:00Z"}},
  {"model": "equipment_accounting.manufacturer", "pk": 134, "fields": {"name": "KH-S", "created_at": "2025-01-01T00:00:00Z"}},
  {"model": "equipment_accounting.manufacturer", "pk": 135, "fields": {"name": "Stark", "created_at": "2025-01-01T00:00:00Z"}},
  {"model": "equipment_accounting.manufacturer", "pk": 136, "fields": {"name": "Королева шершнів", "created_at": "2025-01-01T00:00:00Z"}},

  {"model": "equipment_accounting.dronemodel", "pk": 201, "fields": {"name": "Шрайк", "manufacturer": 101, "created_at": "2025-01-01T00:00:00Z"}},
  {"model": "equipment_accounting.dronemodel", "pk": 202, "fields": {"name": "Вирій", "manufacturer": 102, "created_at": "2025-01-01T00:00:00Z"}},
  {"model": "equipment_accounting.dronemodel", "pk": 203, "fields": {"name": "Вирій 10T", "manufacturer": 102, "created_at": "2025-01-01T00:00:00Z"}},
  {"model": "equipment_accounting.dronemodel", "pk": 204, "fields": {"name": "Русоріз", "manufacturer": 103, "created_at": "2025-01-01T00:00:00Z"}},
  {"model": "equipment_accounting.dronemodel", "pk": 205, "fields": {"name": "Шершень", "manufacturer": 104, "created_at": "2025-01-01T00:00:00Z"}},
  {"model": "equipment_accounting.dronemodel", "pk": 206, "fields": {"name": "Мамонт", "manufacturer": 105, "created_at": "2025-01-01T00:00:00Z"}},
  {"model": "equipment_accounting.dronemodel", "pk": 207, "fields": {"name": "Колібрі", "manufacturer": 106, "created_at": "2025-01-01T00:00:00Z"}},
  {"model": "equipment_accounting.dronemodel", "pk": 208, "fields": {"name": "Генерал черешня", "manufacturer": 107, "created_at": "2025-01-01T00:00:00Z"}},
  {"model": "equipment_accounting.dronemodel", "pk": 209, "fields": {"name": "Генерал черешня AIR", "manufacturer": 107, "created_at": "2025-01-01T00:00:00Z"}},
  {"model": "equipment_accounting.dronemodel", "pk": 210, "fields": {"name": "Спалах", "manufacturer": 108, "created_at": "2025-01-01T00:00:00Z"}},
  {"model": "equipment_accounting.dronemodel", "pk": 211, "fields": {"name": "F10", "manufacturer": 109, "created_at": "2025-01-01T00:00:00Z"}},
  {"model": "equipment_accounting.dronemodel", "pk": 212, "fields": {"name": "Тінь", "manufacturer": 110, "created_at": "2025-01-01T00:00:00Z"}},
  {"model": "equipment_accounting.dronemodel", "pk": 213, "fields": {"name": "Гріф", "manufacturer": 111, "created_at": "2025-01-01T00:00:00Z"}},
  {"model": "equipment_accounting.dronemodel", "pk": 214, "fields": {"name": "Shuriken 10", "manufacturer": 112, "created_at": "2025-01-01T00:00:00Z"}},
  {"model": "equipment_accounting.dronemodel", "pk": 215, "fields": {"name": "Shuriken 10T", "manufacturer": 112, "created_at": "2025-01-01T00:00:00Z"}},
  {"model": "equipment_accounting.dronemodel", "pk": 216, "fields": {"name": "Bakh", "manufacturer": 113, "created_at": "2025-01-01T00:00:00Z"}},
  {"model": "equipment_accounting.dronemodel", "pk": 217, "fields": {"name": "Spook", "manufacturer": 114, "created_at": "2025-01-01T00:00:00Z"}},
  {"model": "equipment_accounting.dronemodel", "pk": 218, "fields": {"name": "Stalker", "manufacturer": 115, "created_at": "2025-01-01T00:00:00Z"}},
  {"model": "equipment_accounting.dronemodel", "pk": 219, "fields": {"name": "Краб", "manufacturer": 116, "created_at": "2025-01-01T00:00:00Z"}},
  {"model": "equipment_accounting.dronemodel", "pk": 220, "fields": {"name": "Бомбус", "manufacturer": 117, "created_at": "2025-01-01T00:00:00Z"}},
  {"model": "equipment_accounting.dronemodel", "pk": 221, "fields": {"name": "Світловод", "manufacturer": 118, "created_at": "2025-01-01T00:00:00Z"}},
  {"model": "equipment_accounting.dronemodel", "pk": 222, "fields": {"name": "Ентерпрайз 12", "manufacturer": 119, "created_at": "2025-01-01T00:00:00Z"}},
  {"model": "equipment_accounting.dronemodel", "pk": 223, "fields": {"name": "Чайка/Seagull", "manufacturer": 120, "created_at": "2025-01-01T00:00:00Z"}},
  {"model": "equipment_accounting.dronemodel", "pk": 224, "fields": {"name": "Горинь", "manufacturer": 121, "created_at": "2025-01-01T00:00:00Z"}},
  {"model": "equipment_accounting.dronemodel", "pk": 225, "fields": {"name": "Kamik A", "manufacturer": 122, "created_at": "2025-01-01T00:00:00Z"}},
  {"model": "equipment_accounting.dronemodel", "pk": 226, "fields": {"name": "Viper", "manufacturer": 123, "created_at": "2025-01-01T00:00:00Z"}},
  {"model": "equipment_accounting.dronemodel", "pk": 227, "fields": {"name": "Baton", "manufacturer": 124, "created_at": "2025-01-01T00:00:00Z"}},
  {"model": "equipment_accounting.dronemodel", "pk": 228, "fields": {"name": "Горобець", "manufacturer": 125, "created_at": "2025-01-01T00:00:00Z"}},
  {"model": "equipment_accounting.dronemodel", "pk": 229, "fields": {"name": "Бешкет", "manufacturer": 126, "created_at": "2025-01-01T00:00:00Z"}},
  {"model": "equipment_accounting.dronemodel", "pk": 230, "fields": {"name": "Гарпія", "manufacturer": 127, "created_at": "2025-01-01T00:00:00Z"}},
  {"model": "equipment_accounting.dronemodel", "pk": 231, "fields": {"name": "Wiy Strila", "manufacturer": 128, "created_at": "2025-01-01T00:00:00Z"}},
  {"model": "equipment_accounting.dronemodel", "pk": 232, "fields": {"name": "Чупакабра", "manufacturer": 129, "created_at": "2025-01-01T00:00:00Z"}},
  {"model": "equipment_accounting.dronemodel", "pk": 233, "fields": {"name": "Павук", "manufacturer": 130, "created_at": "2025-01-01T00:00:00Z"}},
  {"model": "equipment_accounting.dronemodel", "pk": 234, "fields": {"name": "Shark", "manufacturer": 131, "created_at": "2025-01-01T00:00:00Z"}},
  {"model": "equipment_accounting.dronemodel", "pk": 235, "fields": {"name": "mini Shark", "manufacturer": 131, "created_at": "2025-01-01T00:00:00Z"}},
  {"model": "equipment_accounting.dronemodel", "pk": 236, "fields": {"name": "Avenger", "manufacturer": 132, "created_at": "2025-01-01T00:00:00Z"}},
  {"model": "equipment_accounting.dronemodel", "pk": 237, "fields": {"name": "Китайська цеглина", "manufacturer": 133, "created_at": "2025-01-01T00:00:00Z"}},
  {"model": "equipment_accounting.dronemodel", "pk": 238, "fields": {"name": "KH-S", "manufacturer": 134, "created_at": "2025-01-01T00:00:00Z"}},
  {"model": "equipment_accounting.dronemodel", "pk": 239, "fields": {"name": "Stark", "manufacturer": 135, "created_at": "2025-01-01T00:00:00Z"}},
  {"model": "equipment_accounting.dronemodel", "pk": 240, "fields": {"name": "Королева шершнів", "manufacturer": 136, "created_at": "2025-01-01T00:00:00Z"}},
  {"model": "equipment_accounting.dronemodel", "pk": 241, "fields": {"name": "Колібрі з ретранслятором", "manufacturer": 106, "created_at": "2025-01-01T00:00:00Z"}},
  {"model": "equipment_accounting.dronemodel", "pk": 242, "fields": {"name": "Павук з ретранслятором", "manufacturer": 130, "created_at": "2025-01-01T00:00:00Z"}},
  {"model": "equipment_accounting.dronemodel", "pk": 243, "fields": {"name": "Шрайк Термал", "manufacturer": 101, "created_at": "2025-01-01T00:00:00Z"}},

  {"model": "equipment_accounting.dronepurpose", "pk": 6, "fields": {"name": "Донаведення", "created_at": "2025-01-01T00:00:00Z"}},

  {"model": "equipment_accounting.powertemplate", "pk": 9, "fields": {"name": "6S1P XT30 1300mAh", "connector": "xt30", "configuration": "6s1p", "capacity": 1300, "created_at": "2025-01-01T00:00:00Z"}},

  {"model": "equipment_accounting.videotemplate", "pk": 101, "fields": {"name": "Stalker 20км",       "drone_model": 218, "is_analog": true, "max_distance": 20, "created_at": "2025-01-01T00:00:00Z"}},
  {"model": "equipment_accounting.videotemplate", "pk": 102, "fields": {"name": "Краб 25км",          "drone_model": 219, "is_analog": true, "max_distance": 25, "created_at": "2025-01-01T00:00:00Z"}},
  {"model": "equipment_accounting.videotemplate", "pk": 103, "fields": {"name": "Бомбус 30км",        "drone_model": 220, "is_analog": true, "max_distance": 30, "created_at": "2025-01-01T00:00:00Z"}},
  {"model": "equipment_accounting.videotemplate", "pk": 104, "fields": {"name": "Бомбус 25км",        "drone_model": 220, "is_analog": true, "max_distance": 25, "created_at": "2025-01-01T00:00:00Z"}},
  {"model": "equipment_accounting.videotemplate", "pk": 105, "fields": {"name": "Бомбус 15км",        "drone_model": 220, "is_analog": true, "max_distance": 15, "created_at": "2025-01-01T00:00:00Z"}},
  {"model": "equipment_accounting.videotemplate", "pk": 106, "fields": {"name": "Бомбус 20км",        "drone_model": 220, "is_analog": true, "max_distance": 20, "created_at": "2025-01-01T00:00:00Z"}},
  {"model": "equipment_accounting.videotemplate", "pk": 107, "fields": {"name": "Світловод 20км",     "drone_model": 221, "is_analog": true, "max_distance": 20, "created_at": "2025-01-01T00:00:00Z"}},
  {"model": "equipment_accounting.videotemplate", "pk": 108, "fields": {"name": "Ентерпрайз 12 25км", "drone_model": 222, "is_analog": true, "max_distance": 25, "created_at": "2025-01-01T00:00:00Z"}},
  {"model": "equipment_accounting.videotemplate", "pk": 109, "fields": {"name": "Вирій 20км",         "drone_model": 202, "is_analog": true, "max_distance": 20, "created_at": "2025-01-01T00:00:00Z"}},
  {"model": "equipment_accounting.videotemplate", "pk": 110, "fields": {"name": "Чайка 20км",         "drone_model": 223, "is_analog": true, "max_distance": 20, "created_at": "2025-01-01T00:00:00Z"}},
  {"model": "equipment_accounting.videotemplate", "pk": 111, "fields": {"name": "Світловод 15км",     "drone_model": 221, "is_analog": true, "max_distance": 15, "created_at": "2025-01-01T00:00:00Z"}},
  {"model": "equipment_accounting.videotemplate", "pk": 112, "fields": {"name": "Горинь 25км",        "drone_model": 224, "is_analog": true, "max_distance": 25, "created_at": "2025-01-01T00:00:00Z"}},
  {"model": "equipment_accounting.videotemplate", "pk": 113, "fields": {"name": "Тінь 15км",          "drone_model": 212, "is_analog": true, "max_distance": 15, "created_at": "2025-01-01T00:00:00Z"}},
  {"model": "equipment_accounting.videotemplate", "pk": 114, "fields": {"name": "Kamik A 10км",       "drone_model": 225, "is_analog": true, "max_distance": 10, "created_at": "2025-01-01T00:00:00Z"}},
  {"model": "equipment_accounting.videotemplate", "pk": 115, "fields": {"name": "Viper 15км",         "drone_model": 226, "is_analog": true, "max_distance": 15, "created_at": "2025-01-01T00:00:00Z"}},
  {"model": "equipment_accounting.videotemplate", "pk": 116, "fields": {"name": "Горинь 20км",        "drone_model": 224, "is_analog": true, "max_distance": 20, "created_at": "2025-01-01T00:00:00Z"}},
  {"model": "equipment_accounting.videotemplate", "pk": 117, "fields": {"name": "Baton 20км",         "drone_model": 227, "is_analog": true, "max_distance": 20, "created_at": "2025-01-01T00:00:00Z"}},
  {"model": "equipment_accounting.videotemplate", "pk": 118, "fields": {"name": "Горобець 20км",      "drone_model": 228, "is_analog": true, "max_distance": 20, "created_at": "2025-01-01T00:00:00Z"}},
  {"model": "equipment_accounting.videotemplate", "pk": 119, "fields": {"name": "Бешкет 20км",        "drone_model": 229, "is_analog": true, "max_distance": 20, "created_at": "2025-01-01T00:00:00Z"}},

  {"model": "equipment_accounting.fpvdronetype", "pk": 800, "fields": {"model": 201, "purpose": 1, "prop_size": "10", "control_frequencies": [2],    "power_template": 9, "has_thermal": false, "notes": "",                                          "video_frequency": 6,  "created_at": "2025-01-01T00:00:00Z", "updated_at": "2025-01-01T00:00:00Z"}},
  {"model": "equipment_accounting.fpvdronetype", "pk": 801, "fields": {"model": 202, "purpose": 1, "prop_size": "10", "control_frequencies": [7],    "power_template": 9, "has_thermal": false, "notes": "",                                          "video_frequency": 6,  "created_at": "2025-01-01T00:00:00Z", "updated_at": "2025-01-01T00:00:00Z"}},
  {"model": "equipment_accounting.fpvdronetype", "pk": 802, "fields": {"model": 204, "purpose": 1, "prop_size": "10", "control_frequencies": [2, 7], "power_template": 9, "has_thermal": false, "notes": "",                                          "video_frequency": 6,  "created_at": "2025-01-01T00:00:00Z", "updated_at": "2025-01-01T00:00:00Z"}},
  {"model": "equipment_accounting.fpvdronetype", "pk": 803, "fields": {"model": 205, "purpose": 1, "prop_size": "10", "control_frequencies": [7],    "power_template": 9, "has_thermal": false, "notes": "",                                          "video_frequency": 6,  "created_at": "2025-01-01T00:00:00Z", "updated_at": "2025-01-01T00:00:00Z"}},
  {"model": "equipment_accounting.fpvdronetype", "pk": 804, "fields": {"model": 206, "purpose": 1, "prop_size": "11", "control_frequencies": [7],    "power_template": 9, "has_thermal": false, "notes": "",                                          "video_frequency": 10, "created_at": "2025-01-01T00:00:00Z", "updated_at": "2025-01-01T00:00:00Z"}},
  {"model": "equipment_accounting.fpvdronetype", "pk": 805, "fields": {"model": 207, "purpose": 1, "prop_size": "10", "control_frequencies": [],     "power_template": 9, "has_thermal": false, "notes": "GEM",                                       "video_frequency": 6,  "created_at": "2025-01-01T00:00:00Z", "updated_at": "2025-01-01T00:00:00Z"}},
  {"model": "equipment_accounting.fpvdronetype", "pk": 806, "fields": {"model": 201, "purpose": 1, "prop_size": "7",  "control_frequencies": [2],    "power_template": 9, "has_thermal": false, "notes": "учбові",                                    "video_frequency": 6,  "created_at": "2025-01-01T00:00:00Z", "updated_at": "2025-01-01T00:00:00Z"}},
  {"model": "equipment_accounting.fpvdronetype", "pk": 807, "fields": {"model": 202, "purpose": 1, "prop_size": "10", "control_frequencies": [9],    "power_template": 9, "has_thermal": false, "notes": "",                                          "video_frequency": 6,  "created_at": "2025-01-01T00:00:00Z", "updated_at": "2025-01-01T00:00:00Z"}},
  {"model": "equipment_accounting.fpvdronetype", "pk": 808, "fields": {"model": 209, "purpose": 1, "prop_size": "10", "control_frequencies": [2],    "power_template": 9, "has_thermal": false, "notes": "цифра",                                     "video_frequency": 6,  "created_at": "2025-01-01T00:00:00Z", "updated_at": "2025-01-01T00:00:00Z"}},
  {"model": "equipment_accounting.fpvdronetype", "pk": 809, "fields": {"model": 210, "purpose": 1, "prop_size": "10", "control_frequencies": [2],    "power_template": 9, "has_thermal": false, "notes": "волонт. не офіц",                          "video_frequency": 6,  "created_at": "2025-01-01T00:00:00Z", "updated_at": "2025-01-01T00:00:00Z"}},
  {"model": "equipment_accounting.fpvdronetype", "pk": 810, "fields": {"model": 211, "purpose": 1, "prop_size": "10", "control_frequencies": [],     "power_template": 9, "has_thermal": false, "notes": "волонт. без батарей не перекл.каналы (УЧЕБНЫЕ)", "video_frequency": 6, "created_at": "2025-01-01T00:00:00Z", "updated_at": "2025-01-01T00:00:00Z"}},

  {"model": "equipment_accounting.fpvdronetype", "pk": 811, "fields": {"model": 201, "purpose": 1, "prop_size": "10", "control_frequencies": [2],    "power_template": 9, "has_thermal": false, "notes": "",                                          "video_frequency": 6,  "created_at": "2025-01-01T00:00:00Z", "updated_at": "2025-01-01T00:00:00Z"}},
  {"model": "equipment_accounting.fpvdronetype", "pk": 812, "fields": {"model": 212, "purpose": 1, "prop_size": "10", "control_frequencies": [2],    "power_template": 9, "has_thermal": false, "notes": "",                                          "video_frequency": 6,  "created_at": "2025-01-01T00:00:00Z", "updated_at": "2025-01-01T00:00:00Z"}},
  {"model": "equipment_accounting.fpvdronetype", "pk": 813, "fields": {"model": 213, "purpose": 1, "prop_size": "10", "control_frequencies": [7],    "power_template": 9, "has_thermal": false, "notes": "",                                          "video_frequency": 11, "created_at": "2025-01-01T00:00:00Z", "updated_at": "2025-01-01T00:00:00Z"}},
  {"model": "equipment_accounting.fpvdronetype", "pk": 814, "fields": {"model": 202, "purpose": 1, "prop_size": "10", "control_frequencies": [7],    "power_template": 9, "has_thermal": false, "notes": "",                                          "video_frequency": 11, "created_at": "2025-01-01T00:00:00Z", "updated_at": "2025-01-01T00:00:00Z"}},
  {"model": "equipment_accounting.fpvdronetype", "pk": 815, "fields": {"model": 214, "purpose": 1, "prop_size": "10", "control_frequencies": [7],    "power_template": 9, "has_thermal": false, "notes": "",                                          "video_frequency": 6,  "created_at": "2025-01-01T00:00:00Z", "updated_at": "2025-01-01T00:00:00Z"}},
  {"model": "equipment_accounting.fpvdronetype", "pk": 816, "fields": {"model": 216, "purpose": 1, "prop_size": "10", "control_frequencies": [7],    "power_template": 9, "has_thermal": false, "notes": "волонт.",                                   "video_frequency": 6,  "created_at": "2025-01-01T00:00:00Z", "updated_at": "2025-01-01T00:00:00Z"}},

  {"model": "equipment_accounting.fpvdronetype", "pk": 817, "fields": {"model": 208, "purpose": 1, "prop_size": "7",  "control_frequencies": [2],    "power_template": 9, "has_thermal": true,  "notes": "",                                          "video_frequency": 6,  "created_at": "2025-01-01T00:00:00Z", "updated_at": "2025-01-01T00:00:00Z"}},
  {"model": "equipment_accounting.fpvdronetype", "pk": 818, "fields": {"model": 217, "purpose": 1, "prop_size": "8",  "control_frequencies": [8],    "power_template": 9, "has_thermal": true,  "notes": "допрацювання",                              "video_frequency": 10, "created_at": "2025-01-01T00:00:00Z", "updated_at": "2025-01-01T00:00:00Z"}},
  {"model": "equipment_accounting.fpvdronetype", "pk": 819, "fields": {"model": 201, "purpose": 1, "prop_size": "10", "control_frequencies": [2],    "power_template": 9, "has_thermal": true,  "notes": "",                                          "video_frequency": 6,  "created_at": "2025-01-01T00:00:00Z", "updated_at": "2025-01-01T00:00:00Z"}},
  {"model": "equipment_accounting.fpvdronetype", "pk": 820, "fields": {"model": 207, "purpose": 1, "prop_size": "10", "control_frequencies": [],     "power_template": 9, "has_thermal": true,  "notes": "GEM термал",                                "video_frequency": 6,  "created_at": "2025-01-01T00:00:00Z", "updated_at": "2025-01-01T00:00:00Z"}},
  {"model": "equipment_accounting.fpvdronetype", "pk": 821, "fields": {"model": 208, "purpose": 1, "prop_size": "10", "control_frequencies": [2],    "power_template": 9, "has_thermal": true,  "notes": "",                                          "video_frequency": 6,  "created_at": "2025-01-01T00:00:00Z", "updated_at": "2025-01-01T00:00:00Z"}},
  {"model": "equipment_accounting.fpvdronetype", "pk": 822, "fields": {"model": 203, "purpose": 1, "prop_size": "10", "control_frequencies": [7],    "power_template": 9, "has_thermal": true,  "notes": "",                                          "video_frequency": 6,  "created_at": "2025-01-01T00:00:00Z", "updated_at": "2025-01-01T00:00:00Z"}},
  {"model": "equipment_accounting.fpvdronetype", "pk": 823, "fields": {"model": 207, "purpose": 1, "prop_size": "10", "control_frequencies": [7],    "power_template": 9, "has_thermal": true,  "notes": "",                                          "video_frequency": 6,  "created_at": "2025-01-01T00:00:00Z", "updated_at": "2025-01-01T00:00:00Z"}},
  {"model": "equipment_accounting.fpvdronetype", "pk": 824, "fields": {"model": 215, "purpose": 1, "prop_size": "10", "control_frequencies": [7],    "power_template": 9, "has_thermal": true,  "notes": "",                                          "video_frequency": 6,  "created_at": "2025-01-01T00:00:00Z", "updated_at": "2025-01-01T00:00:00Z"}},
  {"model": "equipment_accounting.fpvdronetype", "pk": 825, "fields": {"model": 209, "purpose": 1, "prop_size": "10", "control_frequencies": [2],    "power_template": 9, "has_thermal": true,  "notes": "цифра",                                     "video_frequency": 6,  "created_at": "2025-01-01T00:00:00Z", "updated_at": "2025-01-01T00:00:00Z"}},

  {"model": "equipment_accounting.fpvdronetype", "pk": 826, "fields": {"model": 224, "purpose": 2, "prop_size": "13", "control_frequencies": [],     "power_template": 9, "has_thermal": false, "notes": "",                                          "video_frequency": 6,  "created_at": "2025-01-01T00:00:00Z", "updated_at": "2025-01-01T00:00:00Z"}},
  {"model": "equipment_accounting.fpvdronetype", "pk": 827, "fields": {"model": 232, "purpose": 2, "prop_size": "10", "control_frequencies": [],     "power_template": 9, "has_thermal": false, "notes": "",                                          "video_frequency": 6,  "created_at": "2025-01-01T00:00:00Z", "updated_at": "2025-01-01T00:00:00Z"}},
  {"model": "equipment_accounting.fpvdronetype", "pk": 828, "fields": {"model": 241, "purpose": 2, "prop_size": "10", "control_frequencies": [],     "power_template": 9, "has_thermal": false, "notes": "",                                          "video_frequency": 6,  "created_at": "2025-01-01T00:00:00Z", "updated_at": "2025-01-01T00:00:00Z"}},
  {"model": "equipment_accounting.fpvdronetype", "pk": 829, "fields": {"model": 242, "purpose": 2, "prop_size": "10", "control_frequencies": [],     "power_template": 9, "has_thermal": false, "notes": "",                                          "video_frequency": 6,  "created_at": "2025-01-01T00:00:00Z", "updated_at": "2025-01-01T00:00:00Z"}},

  {"model": "equipment_accounting.fpvdronetype", "pk": 830, "fields": {"model": 243, "purpose": 3, "prop_size": "10", "control_frequencies": [],     "power_template": 9, "has_thermal": true,  "notes": "",                                          "video_frequency": 6,  "created_at": "2025-01-01T00:00:00Z", "updated_at": "2025-01-01T00:00:00Z"}},

  {"model": "equipment_accounting.fpvdronetype", "pk": 831, "fields": {"model": 230, "purpose": 4, "prop_size": "10", "control_frequencies": [],     "power_template": 9, "has_thermal": false, "notes": "",                                          "video_frequency": 6,  "created_at": "2025-01-01T00:00:00Z", "updated_at": "2025-01-01T00:00:00Z"}},
  {"model": "equipment_accounting.fpvdronetype", "pk": 832, "fields": {"model": 231, "purpose": 4, "prop_size": "10", "control_frequencies": [],     "power_template": 9, "has_thermal": false, "notes": "",                                          "video_frequency": 6,  "created_at": "2025-01-01T00:00:00Z", "updated_at": "2025-01-01T00:00:00Z"}},
  {"model": "equipment_accounting.fpvdronetype", "pk": 833, "fields": {"model": 228, "purpose": 4, "prop_size": "10", "control_frequencies": [],     "power_template": 9, "has_thermal": false, "notes": "Жук",                                       "video_frequency": 6,  "created_at": "2025-01-01T00:00:00Z", "updated_at": "2025-01-01T00:00:00Z"}},
  {"model": "equipment_accounting.fpvdronetype", "pk": 834, "fields": {"model": 228, "purpose": 4, "prop_size": "10", "control_frequencies": [],     "power_template": 9, "has_thermal": false, "notes": "запчастини",                                "video_frequency": 6,  "created_at": "2025-01-01T00:00:00Z", "updated_at": "2025-01-01T00:00:00Z"}},

  {"model": "equipment_accounting.fpvdronetype", "pk": 835, "fields": {"model": 206, "purpose": 5, "prop_size": "11", "control_frequencies": [],     "power_template": 9, "has_thermal": false, "notes": "",                                          "video_frequency": 6,  "created_at": "2025-01-01T00:00:00Z", "updated_at": "2025-01-01T00:00:00Z"}},

  {"model": "equipment_accounting.fpvdronetype", "pk": 836, "fields": {"model": 240, "purpose": 1, "prop_size": "16", "control_frequencies": [],     "power_template": 9, "has_thermal": false, "notes": "",                                          "video_frequency": 6,  "created_at": "2025-01-01T00:00:00Z", "updated_at": "2025-01-01T00:00:00Z"}},

  {"model": "equipment_accounting.fpvdronetype", "pk": 837, "fields": {"model": 234, "purpose": 1, "prop_size": "10", "control_frequencies": [],     "power_template": 9, "has_thermal": false, "notes": "",                                          "video_frequency": 6,  "created_at": "2025-01-01T00:00:00Z", "updated_at": "2025-01-01T00:00:00Z"}},
  {"model": "equipment_accounting.fpvdronetype", "pk": 838, "fields": {"model": 235, "purpose": 1, "prop_size": "10", "control_frequencies": [],     "power_template": 9, "has_thermal": false, "notes": "",                                          "video_frequency": 6,  "created_at": "2025-01-01T00:00:00Z", "updated_at": "2025-01-01T00:00:00Z"}},
  {"model": "equipment_accounting.fpvdronetype", "pk": 839, "fields": {"model": 236, "purpose": 1, "prop_size": "10", "control_frequencies": [],     "power_template": 9, "has_thermal": false, "notes": "",                                          "video_frequency": 6,  "created_at": "2025-01-01T00:00:00Z", "updated_at": "2025-01-01T00:00:00Z"}},
  {"model": "equipment_accounting.fpvdronetype", "pk": 840, "fields": {"model": 207, "purpose": 1, "prop_size": "7",  "control_frequencies": [],     "power_template": 9, "has_thermal": false, "notes": "розстріл",                                  "video_frequency": 6,  "created_at": "2025-01-01T00:00:00Z", "updated_at": "2025-01-01T00:00:00Z"}},
  {"model": "equipment_accounting.fpvdronetype", "pk": 841, "fields": {"model": 237, "purpose": 1, "prop_size": "7",  "control_frequencies": [],     "power_template": 9, "has_thermal": false, "notes": "розстріл",                                  "video_frequency": 6,  "created_at": "2025-01-01T00:00:00Z", "updated_at": "2025-01-01T00:00:00Z"}},
  {"model": "equipment_accounting.fpvdronetype", "pk": 842, "fields": {"model": 238, "purpose": 1, "prop_size": "7",  "control_frequencies": [],     "power_template": 9, "has_thermal": false, "notes": "цифра",                                     "video_frequency": 6,  "created_at": "2025-01-01T00:00:00Z", "updated_at": "2025-01-01T00:00:00Z"}},
  {"model": "equipment_accounting.fpvdronetype", "pk": 843, "fields": {"model": 239, "purpose": 6, "prop_size": "8",  "control_frequencies": [],     "power_template": 9, "has_thermal": false, "notes": "не перемикаються канали",                   "video_frequency": 6,  "created_at": "2025-01-01T00:00:00Z", "updated_at": "2025-01-01T00:00:00Z"}},
  {"model": "equipment_accounting.fpvdronetype", "pk": 844, "fields": {"model": 213, "purpose": 1, "prop_size": "10", "control_frequencies": [2],    "power_template": 9, "has_thermal": false, "notes": "переробка",                                 "video_frequency": 4,  "created_at": "2025-01-01T00:00:00Z", "updated_at": "2025-01-01T00:00:00Z"}},
  {"model": "equipment_accounting.fpvdronetype", "pk": 845, "fields": {"model": 240, "purpose": 1, "prop_size": "16", "control_frequencies": [],     "power_template": 9, "has_thermal": false, "notes": "цифра",                                     "video_frequency": 6,  "created_at": "2025-01-01T00:00:00Z", "updated_at": "2025-01-01T00:00:00Z"}},
  {"model": "equipment_accounting.fpvdronetype", "pk": 846, "fields": {"model": 202, "purpose": 6, "prop_size": "10", "control_frequencies": [7],    "power_template": 9, "has_thermal": false, "notes": "донаведення",                               "video_frequency": 10, "created_at": "2025-01-01T00:00:00Z", "updated_at": "2025-01-01T00:00:00Z"}},
  {"model": "equipment_accounting.fpvdronetype", "pk": 847, "fields": {"model": 202, "purpose": 1, "prop_size": "10", "control_frequencies": [7],    "power_template": 9, "has_thermal": false, "notes": "9шт",                                       "video_frequency": 10, "created_at": "2025-01-01T00:00:00Z", "updated_at": "2025-01-01T00:00:00Z"}},
  {"model": "equipment_accounting.fpvdronetype", "pk": 848, "fields": {"model": 217, "purpose": 1, "prop_size": "8",  "control_frequencies": [8],    "power_template": 9, "has_thermal": false, "notes": "допрацювання",                              "video_frequency": 10, "created_at": "2025-01-01T00:00:00Z", "updated_at": "2025-01-01T00:00:00Z"}},

  {"model": "equipment_accounting.opticaldronetype", "pk": 900, "fields": {"model": 218, "purpose": 1, "prop_size": "10", "control_frequencies": [], "power_template": 1, "has_thermal": false, "notes": "",          "video_template": 101, "created_at": "2025-01-01T00:00:00Z", "updated_at": "2025-01-01T00:00:00Z"}},
  {"model": "equipment_accounting.opticaldronetype", "pk": 901, "fields": {"model": 219, "purpose": 1, "prop_size": "13", "control_frequencies": [], "power_template": 1, "has_thermal": false, "notes": "",          "video_template": 102, "created_at": "2025-01-01T00:00:00Z", "updated_at": "2025-01-01T00:00:00Z"}},
  {"model": "equipment_accounting.opticaldronetype", "pk": 902, "fields": {"model": 220, "purpose": 1, "prop_size": "15", "control_frequencies": [], "power_template": 1, "has_thermal": true,  "notes": "",          "video_template": 103, "created_at": "2025-01-01T00:00:00Z", "updated_at": "2025-01-01T00:00:00Z"}},
  {"model": "equipment_accounting.opticaldronetype", "pk": 903, "fields": {"model": 220, "purpose": 1, "prop_size": "15", "control_frequencies": [], "power_template": 1, "has_thermal": false, "notes": "",          "video_template": 103, "created_at": "2025-01-01T00:00:00Z", "updated_at": "2025-01-01T00:00:00Z"}},
  {"model": "equipment_accounting.opticaldronetype", "pk": 904, "fields": {"model": 220, "purpose": 1, "prop_size": "15", "control_frequencies": [], "power_template": 1, "has_thermal": true,  "notes": "",          "video_template": 104, "created_at": "2025-01-01T00:00:00Z", "updated_at": "2025-01-01T00:00:00Z"}},
  {"model": "equipment_accounting.opticaldronetype", "pk": 905, "fields": {"model": 220, "purpose": 1, "prop_size": "10", "control_frequencies": [], "power_template": 1, "has_thermal": true,  "notes": "",          "video_template": 105, "created_at": "2025-01-01T00:00:00Z", "updated_at": "2025-01-01T00:00:00Z"}},
  {"model": "equipment_accounting.opticaldronetype", "pk": 906, "fields": {"model": 220, "purpose": 1, "prop_size": "15", "control_frequencies": [], "power_template": 1, "has_thermal": true,  "notes": "",          "video_template": 106, "created_at": "2025-01-01T00:00:00Z", "updated_at": "2025-01-01T00:00:00Z"}},
  {"model": "equipment_accounting.opticaldronetype", "pk": 907, "fields": {"model": 220, "purpose": 1, "prop_size": "15", "control_frequencies": [], "power_template": 1, "has_thermal": false, "notes": "",          "video_template": 104, "created_at": "2025-01-01T00:00:00Z", "updated_at": "2025-01-01T00:00:00Z"}},
  {"model": "equipment_accounting.opticaldronetype", "pk": 908, "fields": {"model": 221, "purpose": 1, "prop_size": "15", "control_frequencies": [], "power_template": 1, "has_thermal": true,  "notes": "",          "video_template": 107, "created_at": "2025-01-01T00:00:00Z", "updated_at": "2025-01-01T00:00:00Z"}},
  {"model": "equipment_accounting.opticaldronetype", "pk": 909, "fields": {"model": 222, "purpose": 1, "prop_size": "13", "control_frequencies": [], "power_template": 1, "has_thermal": false, "notes": "",          "video_template": 108, "created_at": "2025-01-01T00:00:00Z", "updated_at": "2025-01-01T00:00:00Z"}},
  {"model": "equipment_accounting.opticaldronetype", "pk": 910, "fields": {"model": 202, "purpose": 1, "prop_size": "10", "control_frequencies": [], "power_template": 1, "has_thermal": false, "notes": "",          "video_template": 109, "created_at": "2025-01-01T00:00:00Z", "updated_at": "2025-01-01T00:00:00Z"}},
  {"model": "equipment_accounting.opticaldronetype", "pk": 911, "fields": {"model": 223, "purpose": 1, "prop_size": "13", "control_frequencies": [], "power_template": 1, "has_thermal": false, "notes": "",          "video_template": 110, "created_at": "2025-01-01T00:00:00Z", "updated_at": "2025-01-01T00:00:00Z"}},
  {"model": "equipment_accounting.opticaldronetype", "pk": 912, "fields": {"model": 220, "purpose": 1, "prop_size": "10", "control_frequencies": [], "power_template": 1, "has_thermal": false, "notes": "",          "video_template": 105, "created_at": "2025-01-01T00:00:00Z", "updated_at": "2025-01-01T00:00:00Z"}},
  {"model": "equipment_accounting.opticaldronetype", "pk": 913, "fields": {"model": 202, "purpose": 1, "prop_size": "10", "control_frequencies": [], "power_template": 1, "has_thermal": true,  "notes": "",          "video_template": 109, "created_at": "2025-01-01T00:00:00Z", "updated_at": "2025-01-01T00:00:00Z"}},
  {"model": "equipment_accounting.opticaldronetype", "pk": 914, "fields": {"model": 221, "purpose": 1, "prop_size": "15", "control_frequencies": [], "power_template": 1, "has_thermal": false, "notes": "",          "video_template": 111, "created_at": "2025-01-01T00:00:00Z", "updated_at": "2025-01-01T00:00:00Z"}},
  {"model": "equipment_accounting.opticaldronetype", "pk": 915, "fields": {"model": 224, "purpose": 1, "prop_size": "13", "control_frequencies": [], "power_template": 1, "has_thermal": true,  "notes": "",          "video_template": 112, "created_at": "2025-01-01T00:00:00Z", "updated_at": "2025-01-01T00:00:00Z"}},
  {"model": "equipment_accounting.opticaldronetype", "pk": 916, "fields": {"model": 212, "purpose": 1, "prop_size": "10", "control_frequencies": [], "power_template": 1, "has_thermal": false, "notes": "",          "video_template": 113, "created_at": "2025-01-01T00:00:00Z", "updated_at": "2025-01-01T00:00:00Z"}},
  {"model": "equipment_accounting.opticaldronetype", "pk": 917, "fields": {"model": 222, "purpose": 1, "prop_size": "13", "control_frequencies": [], "power_template": 1, "has_thermal": true,  "notes": "",          "video_template": 108, "created_at": "2025-01-01T00:00:00Z", "updated_at": "2025-01-01T00:00:00Z"}},
  {"model": "equipment_accounting.opticaldronetype", "pk": 918, "fields": {"model": 220, "purpose": 1, "prop_size": "15", "control_frequencies": [], "power_template": 1, "has_thermal": false, "notes": "",          "video_template": 106, "created_at": "2025-01-01T00:00:00Z", "updated_at": "2025-01-01T00:00:00Z"}},
  {"model": "equipment_accounting.opticaldronetype", "pk": 919, "fields": {"model": 225, "purpose": 1, "prop_size": "10", "control_frequencies": [], "power_template": 1, "has_thermal": false, "notes": "",          "video_template": 114, "created_at": "2025-01-01T00:00:00Z", "updated_at": "2025-01-01T00:00:00Z"}},
  {"model": "equipment_accounting.opticaldronetype", "pk": 920, "fields": {"model": 224, "purpose": 1, "prop_size": "13", "control_frequencies": [], "power_template": 1, "has_thermal": false, "notes": "",          "video_template": 112, "created_at": "2025-01-01T00:00:00Z", "updated_at": "2025-01-01T00:00:00Z"}},
  {"model": "equipment_accounting.opticaldronetype", "pk": 921, "fields": {"model": 223, "purpose": 1, "prop_size": "13", "control_frequencies": [], "power_template": 1, "has_thermal": true,  "notes": "",          "video_template": 110, "created_at": "2025-01-01T00:00:00Z", "updated_at": "2025-01-01T00:00:00Z"}},
  {"model": "equipment_accounting.opticaldronetype", "pk": 922, "fields": {"model": 226, "purpose": 1, "prop_size": "10", "control_frequencies": [], "power_template": 1, "has_thermal": false, "notes": "",          "video_template": 115, "created_at": "2025-01-01T00:00:00Z", "updated_at": "2025-01-01T00:00:00Z"}},
  {"model": "equipment_accounting.opticaldronetype", "pk": 923, "fields": {"model": 220, "purpose": 1, "prop_size": "10", "control_frequencies": [], "power_template": 1, "has_thermal": false, "notes": "",          "video_template": 106, "created_at": "2025-01-01T00:00:00Z", "updated_at": "2025-01-01T00:00:00Z"}},
  {"model": "equipment_accounting.opticaldronetype", "pk": 924, "fields": {"model": 224, "purpose": 1, "prop_size": "13", "control_frequencies": [], "power_template": 1, "has_thermal": false, "notes": "",          "video_template": 116, "created_at": "2025-01-01T00:00:00Z", "updated_at": "2025-01-01T00:00:00Z"}},
  {"model": "equipment_accounting.opticaldronetype", "pk": 925, "fields": {"model": 224, "purpose": 1, "prop_size": "13", "control_frequencies": [], "power_template": 1, "has_thermal": false, "notes": "20-25 км", "video_template": 112, "created_at": "2025-01-01T00:00:00Z", "updated_at": "2025-01-01T00:00:00Z"}},
  {"model": "equipment_accounting.opticaldronetype", "pk": 926, "fields": {"model": 220, "purpose": 1, "prop_size": "10", "control_frequencies": [], "power_template": 1, "has_thermal": true,  "notes": "",          "video_template": 106, "created_at": "2025-01-01T00:00:00Z", "updated_at": "2025-01-01T00:00:00Z"}},
  {"model": "equipment_accounting.opticaldronetype", "pk": 927, "fields": {"model": 227, "purpose": 1, "prop_size": "13", "control_frequencies": [], "power_template": 1, "has_thermal": false, "notes": "",          "video_template": 117, "created_at": "2025-01-01T00:00:00Z", "updated_at": "2025-01-01T00:00:00Z"}},
  {"model": "equipment_accounting.opticaldronetype", "pk": 928, "fields": {"model": 228, "purpose": 1, "prop_size": "13", "control_frequencies": [], "power_template": 1, "has_thermal": false, "notes": "",          "video_template": 118, "created_at": "2025-01-01T00:00:00Z", "updated_at": "2025-01-01T00:00:00Z"}},
  {"model": "equipment_accounting.opticaldronetype", "pk": 929, "fields": {"model": 229, "purpose": 1, "prop_size": "10", "control_frequencies": [], "power_template": 1, "has_thermal": false, "notes": "",          "video_template": 119, "created_at": "2025-01-01T00:00:00Z", "updated_at": "2025-01-01T00:00:00Z"}},
  {"model": "equipment_accounting.opticaldronetype", "pk": 930, "fields": {"model": 229, "purpose": 1, "prop_size": "10", "control_frequencies": [], "power_template": 1, "has_thermal": true,  "notes": "",          "video_template": 119, "created_at": "2025-01-01T00:00:00Z", "updated_at": "2025-01-01T00:00:00Z"}}
]
